{"lr": 0.05, "num_filters": 16, "batch_size": 32, "filter_size": 7, "learning_curve": [0.058599999999999985, 0.03610000000000002, 0.031100000000000017, 0.03169999999999995, 0.02729999999999999, 0.025699999999999945, 0.02429999999999999, 0.024800000000000044, 0.026699999999999946, 0.02070000000000005, 0.01980000000000004, 0.022399999999999975, 0.01849999999999996, 0.020000000000000018, 0.01880000000000004, 0.01749999999999996, 0.017199999999999993, 0.016800000000000037, 0.01649999999999996, 0.01749999999999996, 0.01539999999999997, 0.016199999999999992, 0.01629999999999998, 0.015800000000000036, 0.016199999999999992, 0.015199999999999991, 0.015499999999999958, 0.01649999999999996, 0.015100000000000002, 0.014900000000000024, 0.015599999999999947, 0.014599999999999946, 0.01419999999999999, 0.015100000000000002, 0.014399999999999968, 0.015599999999999947, 0.013900000000000023, 0.014399999999999968, 0.014599999999999946, 0.01429999999999998, 0.014100000000000001, 0.013700000000000045, 0.01429999999999998, 0.014100000000000001, 0.013700000000000045, 0.013599999999999945, 0.016000000000000014, 0.013599999999999945, 0.01429999999999998, 0.014100000000000001], "test_error": 0.010299980640411377}