{"lr": 0.05, "num_filters": 16, "batch_size": 32, "filter_size": 5, "learning_curve": [0.08430000000000004, 0.0494, 0.04039999999999999, 0.03490000000000004, 0.02939999999999998, 0.028900000000000037, 0.03300000000000003, 0.026000000000000023, 0.028699999999999948, 0.024499999999999966, 0.023700000000000054, 0.025499999999999967, 0.02090000000000003, 0.02200000000000002, 0.0242, 0.02090000000000003, 0.019000000000000017, 0.019199999999999995, 0.018199999999999994, 0.019100000000000006, 0.02300000000000002, 0.019000000000000017, 0.01859999999999995, 0.01759999999999995, 0.019000000000000017, 0.01970000000000005, 0.019299999999999984, 0.01980000000000004, 0.01880000000000004, 0.01980000000000004, 0.017900000000000027, 0.020399999999999974, 0.018199999999999994, 0.01770000000000005, 0.016100000000000003, 0.01629999999999998, 0.017900000000000027, 0.017299999999999982, 0.017000000000000015, 0.016199999999999992, 0.016900000000000026, 0.01539999999999997, 0.016800000000000037, 0.015499999999999958, 0.01529999999999998, 0.016100000000000003, 0.019000000000000017, 0.019499999999999962, 0.016199999999999992, 0.015100000000000002], "test_error": 0.012000024318695068}