{"lr": 0.05, "num_filters": 16, "batch_size": 32, "filter_size": 1, "learning_curve": [0.8938, 0.8938, 0.8938, 0.275, 0.17069999999999996, 0.15090000000000003, 0.1412, 0.13670000000000004, 0.126, 0.129, 0.12570000000000003, 0.12160000000000004, 0.11409999999999998, 0.11629999999999996, 0.11580000000000001, 0.11209999999999998, 0.11480000000000001, 0.11780000000000002, 0.12060000000000004, 0.11360000000000003, 0.11739999999999995, 0.10729999999999995, 0.11240000000000006, 0.11180000000000001, 0.10650000000000004, 0.10729999999999995, 0.10619999999999996, 0.11360000000000003, 0.11480000000000001, 0.10819999999999996, 0.11140000000000005, 0.10409999999999997, 0.1068, 0.10399999999999998, 0.10399999999999998, 0.10170000000000001, 0.10209999999999997, 0.10199999999999998, 0.10419999999999996, 0.11609999999999998, 0.10509999999999997, 0.10199999999999998, 0.1049, 0.10429999999999995, 0.10309999999999997, 0.10129999999999995, 0.10429999999999995, 0.10219999999999996, 0.10919999999999996, 0.1049], "test_error": 0.10350000858306885}