{"lr": 0.05, "num_filters": 16, "batch_size": 32, "filter_size": 3, "learning_curve": [0.11680000000000001, 0.0706, 0.05010000000000003, 0.044399999999999995, 0.0383, 0.03180000000000005, 0.030299999999999994, 0.03090000000000004, 0.030299999999999994, 0.02939999999999998, 0.028100000000000014, 0.024900000000000033, 0.02529999999999999, 0.024700000000000055, 0.02739999999999998, 0.025000000000000022, 0.02290000000000003, 0.02629999999999999, 0.025699999999999945, 0.022599999999999953, 0.025699999999999945, 0.022499999999999964, 0.02300000000000002, 0.02210000000000001, 0.023299999999999987, 0.026100000000000012, 0.021599999999999953, 0.022499999999999964, 0.020499999999999963, 0.022299999999999986, 0.021100000000000008, 0.02070000000000005, 0.021599999999999953, 0.02190000000000003, 0.02190000000000003, 0.02059999999999995, 0.02100000000000002, 0.019399999999999973, 0.02180000000000004, 0.01990000000000003, 0.02059999999999995, 0.022499999999999964, 0.022299999999999986, 0.021700000000000053, 0.02080000000000004, 0.021499999999999964, 0.020199999999999996, 0.01959999999999995, 0.020399999999999974, 0.02080000000000004], "test_error": 0.014999985694885254}