{"lr": 0.066, "num_filters": 33, "batch_size": 36, "filter_size": 5, "learning_curve": [0.05110000693798067, 0.034000008440017715, 0.03370000872612, 0.02550000760555271, 0.026500007224082966, 0.025400007343292286], "test_error": 0.024399995803833008}