{"lr": 0.1, "num_filters": 16, "batch_size": 32, "filter_size": 3, "learning_curve": [0.08140000000000003, 0.04730000000000001, 0.03710000000000002, 0.03149999999999997, 0.03159999999999996, 0.025800000000000045, 0.02839999999999998, 0.02429999999999999, 0.02510000000000001, 0.02839999999999998, 0.021700000000000053, 0.01990000000000003, 0.02290000000000003, 0.02090000000000003, 0.019199999999999995, 0.02070000000000005, 0.019199999999999995, 0.019199999999999995, 0.019000000000000017, 0.018000000000000016, 0.020199999999999996, 0.017000000000000015, 0.02210000000000001, 0.017900000000000027, 0.018399999999999972, 0.01759999999999995, 0.017000000000000015, 0.018299999999999983, 0.018900000000000028, 0.017199999999999993, 0.019000000000000017, 0.017800000000000038, 0.016700000000000048, 0.01980000000000004, 0.016900000000000026, 0.016100000000000003, 0.016199999999999992, 0.01629999999999998, 0.01759999999999995, 0.01649999999999996, 0.016700000000000048, 0.016000000000000014, 0.015800000000000036, 0.020100000000000007, 0.01539999999999997, 0.015199999999999991, 0.018000000000000016, 0.016000000000000014, 0.01739999999999997, 0.016599999999999948], "test_error": 0.01410001516342163}
