{"lr": 0.01, "num_filters": 16, "batch_size": 32, "filter_size": 3, "learning_curve": [0.8701, 0.6685, 0.4013, 0.1835, 0.16590000000000005, 0.16190000000000004, 0.16090000000000004, 0.16000000000000003, 0.1511, 0.14539999999999997, 0.1462, 0.14029999999999998, 0.14149999999999996, 0.1401, 0.13580000000000003, 0.13429999999999997, 0.13419999999999999, 0.13129999999999997, 0.06000000000000005, 0.0504, 0.04920000000000002, 0.04579999999999995, 0.03990000000000005, 0.03969999999999996, 0.03979999999999995, 0.036800000000000055, 0.03280000000000005, 0.033499999999999974, 0.03290000000000004, 0.03180000000000005, 0.03090000000000004, 0.030100000000000016, 0.03059999999999996, 0.028699999999999948, 0.030100000000000016, 0.028000000000000025, 0.028100000000000014, 0.02939999999999998, 0.027100000000000013, 0.02739999999999998, 0.025499999999999967, 0.026100000000000012, 0.02739999999999998, 0.0262, 0.0252, 0.02529999999999999, 0.026900000000000035, 0.027699999999999947, 0.025000000000000022, 0.0252], "test_error": 0.02399998903274536}