{"lr": 0.0001, "num_filters": 16, "batch_size": 32, "filter_size": 3, "learning_curve": [0.9103, 0.9097999999999999, 0.9095, 0.9089, 0.9071, 0.9038, 0.9028, 0.9006, 0.8988, 0.8952, 0.8944, 0.8904, 0.889, 0.8881, 0.8862, 0.8828, 0.8822, 0.8815, 0.8813, 0.8822, 0.8808, 0.8801, 0.8796, 0.8792, 0.88, 0.8805000000000001, 0.8814, 0.8818, 0.8815999999999999, 0.8817, 0.8824, 0.8819, 0.8817, 0.8819, 0.8826, 0.8837, 0.8835, 0.8844, 0.8846, 0.8846, 0.885, 0.8853, 0.886, 0.8862, 0.8872, 0.8875, 0.8875, 0.8875, 0.8882, 0.8882], "test_error": 0.8928999975323677}