{"lr": 0.001, "num_filters": 16, "batch_size": 32, "filter_size": 3, "learning_curve": [0.8955, 0.8893, 0.8817, 0.8745, 0.8674, 0.8634, 0.8572, 0.8478, 0.8243, 0.7853, 0.734, 0.6834, 0.651, 0.6272, 0.6053, 0.5892999999999999, 0.583, 0.5832999999999999, 0.5939, 0.6137, 0.637, 0.6461, 0.5188999999999999, 0.44210000000000005, 0.3528, 0.34240000000000004, 0.3368, 0.3339, 0.3327, 0.3306, 0.3278, 0.32689999999999997, 0.3256, 0.32520000000000004, 0.32410000000000005, 0.32330000000000003, 0.3228, 0.3227, 0.32210000000000005, 0.32189999999999996, 0.3215, 0.32099999999999995, 0.3206, 0.31489999999999996, 0.2803, 0.26680000000000004, 0.25949999999999995, 0.2552, 0.25239999999999996, 0.24980000000000002], "test_error": 0.2516999840736389}